PLANT NAME,BUG RATING OUT OF 5 ,COORDINATES,TOTAL OF BUGS THAT EAT 
Morning Glory,5,"30.286046, -97.732754",2
Hedge Parsley ,3,"30.286046, -97.732754",1
Dead Leaf,4,"30.286046, -97.732754",2
Magnolia Tree Leaf,5,"30.286330, -97.732131",2
Oak Sapling,2.7,"30.286000, -97.732780",2
Raintree Leaf,3,"30.285981, -97.732095",2
Mustang Grape,4,"30.285981, -97.732095",3
Milkweed,4,"30.286018, -97.732752",3
Invasive Privet,3.5,"30.286317, -97.732573",1
"Polemonium Reptans
",5,"30.285966, -97.732087",3

